word,count
home,1
edition,1
africa,2
australia,2
brasil,2
canada,4
espa√±a,2
europe,2
france,3
global,2
indonesia,2
zealand,2
united,8
kingdom,2
states,5
available,1
editions,1
newsletter,2
become,1
author,2
sign,2
reader,1
search,1
academic,2
journalistic,1
flair,1
three,2
reasons,1
universal,12
health,26
coverage,9
october,1
cest,1
timothy,3
texas,4
university,4
callaghan,2
assistant,1
science,1
disclosure,1
statement,1
does,1
work,1
shares,1
receive,1
funding,2
company,2
organisation,1
would,3
benefit,1
disclosed,1
relevant,1
affiliations,1
beyond,1
their,3
partners,3
provides,1
founding,1
partner,1
conversation,2
view,1
bernie,2
sanders,1
fans,1
gather,1
recent,2
rally,1
support,2
associated,2
press,2
copy,1
link,2
email,1
bluesky,1
facebook,1
linkedin,1
whatsapp,1
messenger,1
copied,1
share,1
article,1
amidst,1
partisan,1
rancor,1
unusual,1
tilt,1
toward,1
questions,2
civility,1
during,1
second,1
third,2
presidential,2
hillary,2
clinton,3
donald,2
trump,2
drew,1
attention,1
experts,2
when,1
articulated,1
path,1
forward,1
policy,8
responding,1
about,4
lack,1
affordability,1
affordable,1
care,6
candidates,3
detailed,1
address,1
increasingly,1
glaring,1
flaws,1
president,2
signature,1
called,2
pushed,1
repeal,1
wants,1
replace,1
block,1
grants,1
medicaid,1
sale,1
insurance,9
across,1
state,1
secretary,2
emphasized,1
positive,1
aspects,1
including,1
safeguards,1
ensure,2
insurers,2
cannot,1
deny,1
preexisting,1
argued,1
changes,2
must,2
made,1
edges,1
existing,1
important,2
discussions,1
been,3
providing,1
american,4
public,2
details,1
each,1
future,1
plans,1
were,1
also,3
significant,1
option,1
ignored,1
possibility,1
certainly,3
brought,1
closer,1
system,7
where,1
government,4
typically,1
pays,1
basic,1
services,1
fact,1
true,1
national,6
even,4
warrant,1
discussion,1
major,2
party,1
surprising,3
least,1
should,3
remains,2
only,3
advanced,4
industrialized,2
democracies,1
world,2
without,3
while,2
itself,1
spends,1
more,4
percentage,3
than,3
other,3
country,2
worse,1
outcomes,1
lower,2
life,1
higher,2
infant,1
mortality,1
obesity,1
rates,1
comparable,1
countries,2
like,2
running,1
platform,1
included,1
what,1
medicare,1
generated,2
massive,2
grassroots,1
energized,1
millennial,1
population,1
makes,1
increasing,1
given,2
through,2
being,1
considered,1
research,2
points,1
want,2
reason,4
unique,1
political,6
culture,4
nation,1
began,1
back,1
immigrants,1
entrepreneurial,1
spirit,1
feudal,1
ingrain,1
rigid,1
social,4
americans,2
likely,1
protesters,1
show,1
feel,1
conservatives,1
strong,1
belief,2
classical,1
liberalism,1
idea,1
play,1
limited,3
role,2
inherently,1
clashes,1
individualism,1
perhaps,1
never,1
enacted,2
america,5
opinion,1
supports,1
survey,2
conducted,1
international,1
program,1
found,1
believe,1
sick,1
responsibility,1
individuals,1
germany,1
interest,2
groups,2
helps,1
explain,1
debate,2
lacks,2
another,1
factor,1
influencing,1
legislative,1
battle,1
over,3
content,1
billion,1
lobbying,1
industry,1
player,1
spending,2
million,1
help,1
shape,1
keep,1
private,2
opposed,1
reports,1
suggest,1
lobbyists,3
already,1
preparing,1
fight,1
potential,2
under,2
attempt,2
comprehensive,5
ever,1
mobilize,1
prevent,1
entitlement,2
programs,2
hard,1
general,1
enact,1
avoided,1
topic,1
altogether,1
institutions,3
make,1
difficult,1
pointed,1
studies,1
structurally,1
biased,1
against,1
kind,1
prone,1
inertia,1
reform,2
pass,1
obstacle,1
course,1
congressional,1
budget,1
conference,1
amendments,1
veto,1
opponents,1
publicly,1
bash,1
nations,1
little,2
prospect,1
developing,1
next,1
many,1
ways,1
unusually,1
favoring,1
personal,1
particularly,1
billions,1
maintain,1
status,1
designed,1
manner,1
limits,1
long,1
facts,1
expect,1
anytime,1
regardless,1
becomes,1
obamacare,1
healthcare,1
election,1
costs,1
events,2
jobs,2
senior,2
associate,2
professor,2
cyber,1
security,1
lecturer,1
midwifery,1
communications,1
engagement,1
officer,2
chief,1
operating,1
head,1
humanities,1
sciences,1
editorial,1
policies,1
community,1
standards,1
republishing,1
guidelines,1
analytics,1
feeds,1
charter,1
funders,1
resource,1
media,2
contact,1
consent,1
preferences,1
privacy,1
terms,1
conditions,1
corrections,1
copyright,1
group,1
